Node,Community
Data Collection,0
Scientific Misconduct,0
10.1371/journal.pone.0270872,0
Citation Analysis,1
Retraction,1
Science Of Science,1
Topic Modeling,1
10.1007/s11192-021-04097-5,1
Humanities,1
10.1162/qss_a_00222,1
Rest Api,2
Open Citations,2
Citation Data,2
Sparql Endpoint,2
Rdf,2
Linked Data,3
Triplestore,2
Ramose,2
Data Access,2
Query Language,2
10.3233/SW-210439,2
Opencitations,2
Coci,2
Croci,2
https://hdl.handle.net/11585/739946,2
Open Science Infrastructures,2
Fair,2
Posi,2
10.1007/978-3-031-16802-4_36,2
Oscar,2
Occ,2
Sparql,2
Free-Text Search,2
Scholarly Data,2
Advanced Search,2
10.3233/DS-190016,2
Bibliographic Metadata,2
Csv,2
http://ceur-ws.org/Vol-3220/,2
Semantic Web,3
Isws,3
Knowledge Preservation,3
Knowledge Graph,3
11585_960101,3
Topic Modelling,4
Mitao,4
Tool,4
11585_809880,4
Text Analysis,4
Discourse Analysis,4
Topics,4
Frames,4
Discourse,4
Themes,4
Visualization,4
Python,4
11585_778658,4
Crossref Citation Data,2
Open Citation Data,2
Reproducible Bibliometrics,2
10.1007/s11192-019-03217-6,2
Data Model,3
10.1007/978-3-030-62466-8_28,3
https://hdl.handle.net/11585/918080,1
Companion Robots,3
Ontologies,3
http://ceur-ws.org/Vol-1935/paper-06.pdf,3
Social Robots Design,5
10.1016/j.websem.2021.100683,5
Covid-19,1
Sars-Cov-2,1
Digital Health,1
Ehealth,1
Impact,1
Covid-19 Literature,1
Mitigate,1
Pandemic,1
Review,1
10.2196/22280,1
Analysis Of Linked Data,6
Exploratory Search,6
Knowledge Exploration,6
Knowledge Patterns,6
Visual Exploration,6
Information Systems,6
Computer Science Applications,6
Computer Vision And Pattern Recognition,6
Computer Networks And Communications,6
10.3233/SW-160222,6
Knowledge Graph Testing,3
Extreme Design,3
Arco,3
10.13140/RG.2.2.25162.18885,3
Recurrent Situations,7
10.3233/SSW210013,7
Atlas Of Paths,8
Cultural Heritage,3
Formal Ontology,8
https://hdl.handle.net/11585/594041,8
Mathematics,9
10.1007/978-3-319-68130-6_1,9
Ontology Network,8
Knowledge Graphs,3
ArCo ontology network and LOD on Italian Cultural Heritage,3
Ontology Design,3
10.1007/978-3-030-30796-7_3,3
Comprehensive Geriatric Assessment,8
Robotics,8
http://ceur-ws.org/Vol-1935/paper-05.pdf,8
Altmetrics,1
Bibliometric Indicators,1
Correlation Analysis,1
Research Quality,1
10.1007/s11192-018-2988-z,1
Epidemic,1
Community,1
10.1093/eurpub/ckaa166.601,1
10.1007/978-3-030-01379-0_4,10
Frame Semantics,14
Knowledge Representation,14
Machine Reading,3
Ontology Engineering,3
FrODO: Generating Ontologies from Competency Questions in One Click,3
Reminiscence,3
http://ceur-ws.org/Vol-1935/paper-07.pdf,3
Social Robots,3
Geriatric Assessment,3
Reminiscence Therapy,3
10.1007/978-3-030-05249-2_6,3
Cultural Heritage Knowledge Graph,8
Ontology Design Patterns,8
Ontology Testing,8
Ontology Evaluation,8
10.3233/SW-200422,8
Clean Water,8
Environmental Data,8
Health,8
Modular Ontology Design,8
Pattern-Based Design,8
Sanitation,8
Water Quality,8
https://ceur-ws.org/Vol-3636/,8
Academic Assessment,1
Asn,1
Data Processing,1
Informetrics,1
Machine Learning,9
National Scientific Habilitation,1
Predictive Models,1
Research Evaluation,1
Scientometrics,1
10.7717/peerj-cs.199,1
Data Modeling,6
Interoperability,6
Linked Open Data For Smart Cities,6
Rdf Data Processing,6
Semantics And Egovernment,6
Management Information Systems,12
Information Systems And Management,6
10.1016/j.bdr.2016.10.001,6
Digital Publishing,6
Document Conversion,6
Rash,6
Semantic Publishing,2
Xslt,6
10.7717/peerj-cs.132,6
Linked Open Data,3
10.1007/978-3-319-54499-1_1,3
Event Extraction,14
Knowledge Extraction,8
10.3233/SW-170255,3
Natural Language Processing,9
Health Data,9
Systematic Reviews,9
Guidelines,9
Evidence-Based,9
10.3390/info13030117,9
Pattern-Based Ontology Modelling,12
Software Architecture,12
Software Engineering,12
Software Process,12
Software Quality,12
10.3233/SW-200372,12
Ontology Reuse,13
Ontology Selection,13
Ontology Integration,13
10.3233/SSW200033,13
Self-Citations,14
Longitudinal Study,14
Scientific Habilitation,14
10.1007/s11192-020-03397-6,14
10.1007/978-3-319-98192-5,3
10.1007/s11192-020-03809-7,1
Dataset,3
Visual Question Answering,3
10.1007/978-3-030-95470-3_14,3
Metaphor Semantics,8
Artificial Intelligence,9
10.3233/978-1-61499-910-2-159,9
Hci Design And Evaluation Methods,8
10.1145/3522686,8
Music,3
Harmony,3
Chord,3
10.1038/s41597-023-02410-w,3
Sequence Classification,3
Context-Free Grammar,3
10.1007/978-3-031-33455-9_10,3
CREAI 2022 - Preface to the First Workshop on Artificial Intelligence and Creativity,9
CREAI 2023 - Preface to the Second Workshop on Artificial Intelligence and Creativity,9
Controlled Vocabularies,3
Semantic Similarity,3
String-Matching,3
Natural Language Processing Systems,3
Semantics,9
Vocabulary Control,3
10.1007/978-3-031-15743-1_48,3
Conversational Agents,9
Human-Robot Interaction,9
Socially Assistive Robotics,9
Spoken Dialogue Systems,9
10.1089/rej.2018.2075,9
Foundational Ontologies,9
Common Sense Knowledge,9
10.24963/ijcai.2018/551,9
Conceptual Components,8
Empirical Knowledge Engineering,8
Ontology Usability,8
10.1145/3460210.3493542,8
Perspectives,8
Perspectivisation,8
10.1017/9781108641104.016,8
Dependency Parsing,14
Semantic Parsing,14
Frame Semantic Parsing using Framester Knowledge Graphs,14
Web Semantics,9
978-1-57735-785-8,9
Computer Vision,9
Explainability,15
Hermeneutics,3
Stable Diffusion,15
10.1007/s42803-023-00077-8,15
Metaphor Representation,3
http://ceur-ws.org/Vol-2180/paper-17.pdf,3
Frame,6
Ontology Matching,6
Integration,3
10.1007/978-3-319-58694-6_9,6
Data Visualization,3
10.1145/3603163.3609035,3
Inclusivity,8
Sign Language,8
Development Plans,8
Participatory Design,8
Robotic Community,8
Technology Development,8
10.1109/RO-MAN53752.2022.9900538,8
Empirical Semantics,3
10.1007/978-3-030-30793-6_4,3
Intelligent Web Services,3
10.1109/ACCESS.2023.3250105,3
Linked Data Visualization,8
Pattern Instances,8
Patterns Annotation,8
https://ceur-ws.org/Vol-3011/,8
Ontology Development,3
Photo Archives,3
10.1007/978-3-319-58694-6_34,3
Music Structure Analysis,16
Structural Segmentation,16
Deep Learning,16
Chord Embeddings,16
https://ceur-ws.org/Vol-3278/,16
Providing tool support for unit testing in eXtreme Design,8
Music Information Retrieval,3
Computational Musicology,3
https://archives.ismir.net/ismir2021/latebreaking/000020.pdf,3
Framester,14
Role Oriented Knowledge Graphs,14
Semantic Role Labeling,14
10.1007/s13748-021-00241-7,14
Computational Creativity,3
Music Technology,3
10.1145/3543507.3587428,3
https://ceur-ws.org/Vol-3352/,3
Knowledge Engineering,3
Ontology Design Pattern,3
The Music Meta Ontology: A Flexible Semantic Model for the Interoperability of Music Metadata,3
Competency Questions,3
10.1007/978-3-031-47243-5_17,3
Wikidata,8
https://ceur-ws.org/Vol-3262/paper2.pdf,8
Raffaello,17
Museologia,17
Fruizione Pubblica,17
978-88-6923-887-1,17
Artchives,8
Archival Artistic Data,8
Data Analysis,8
Deterministic Rules,8
10.1093/llc/fqac036,8
Storia Dell'Arte,17
Restauro,17
Raccolte D'Arte,17
Raffaello. Mito e percezione,17
Amr,8
Fred,8
Formal Translation,8
10.1007/978-3-319-70407-4_9,8
Knowledge Reconciliation,14
Frame Embeddings,14
10.1016/j.knosys.2017.08.014,14
Co-Reference Resolution,3
Embeddings,3
Similarity Detection,3
Frame Embeddings for Event-Based Knowledge Reconciliation,3
10.1007/978-3-030-00072-1,3
Citation Data Curation,2
Open Science,1
10.3233/978-1-61499-894-5-123,2
Continual Learning,12
10.1007/978-3-319-70578-1_11,12
Delphi Study,12
Information Systems Quality,12
Mixed Methods,12
10.1145/3230713,12
Systemic Thinking,12
External Factors,12
10.5220/0011963300003464,12
Agile,12
Computational Thinking,12
10.1007/978-3-030-57663-9_18,12
Control And Systems Engineering,6
10.1007/978-3-319-64161-4_8,6
Software Development,12
Music Production,12
Agile Methodologies,12
Empirical Investigation,12
Agile Methods,12
10.3389/fcomp.2023.1181041,12
Agile Development,12
Scrum,12
10.1007/978-3-030-47240-5_15,12
Activities Classification,12
Datasets,12
Power Consumption,9
10.3390/electronics9101678,12
Empirical Software Engineering,12
10.1109/ICS51289.2020.00103,1
Concurrency,9
Defects,9
Open Source,9
Prediction Model,9
10.1109/IJCNN.2017.7965923,9
Entrepreneurship,18
Data Science,18
University-Industry Collaborations,18
Technology Innovation Management,18
Strategy,18
Business Performance Analytics,18
10.1007/978-3-319-90548-8_7,18
Informatica,19
10.1145/3467967,19
Agile Contracts,12
Contracting,12
Law & Economics,12
Public Sector,12
10.1145/3183428.3183435,12
Agile Software Development,12
10.1109/CSEET.2017.37,12
Computer Science Education,12
Cooperative Thinking,12
High School,12
K-12,12
Latent Variable Analysis,12
Multivariate Analysis,12
Partial Least Squares,12
Software Engineering Education,12
Structural Equation Modelling,12
10.1016/j.jss.2019.110401,12
Model-Driven Engineering,20
Requirements Engineering,20
Self-Adaptive,20
10.1145/3167132.3167143,20
Essence,12
Education,12
10.1007/978-3-031-48639-5_6,12
Classification Tree,21
Combinatorial Testing,21
Computer System Taxonomy,21
Design Pattern,21
Development Framework,21
Energy Consumption,21
Programming Language,21
10.3390/electronics9122111,21
Teamwork Quality,12
10.1007/978-3-030-85347-1_11,12
10.5220/0010526401390150,12
Entertainment,9
978-981-4560-49-8,9
Modern Code Review,12
Social Interactions,12
Survey,12
Qualitative,12
10.3389/fcomp.2023.1178040,12
Adaptive Software,3
Autonomic Systems,3
Mape-K,3
10.13052/jwe1540-9589.18131,3
10.1109/ICSE-SEIP55303.2022.9794087,12
Empirical Studies,12
Non Verbal Communication,12
10.1109/ACCESS.2021.3075983,12
Agile Values,12
10.1145/3183440.3195062,12
Decision Sciences (Miscellaneous),6
Control And Optimization,6
Hardware And Architecture,6
10.1109/CoDIT.2018.8394832,6
Critical Systems,12
10.1007/978-3-319-70578-1,12
Defence Applications,12
10.1007/978-3-030-14687-0,12
Interaction Issues,12
Team Management,12
10.1007/978-3-030-73103-8_74,12
Big Data,22
Big Data Analytics,22
Big Data As A Service,22
Big Data Management,22
Open Big Data,22
Serendipitous Big Data Methodologies,22
10.1145/3481646.3481647,22
Storytelling,12
Story-Driven Approach,12
Coding,12
Story-Based Techniques,12
10.1016/j.cosrev.2022.100517,12
Common Practices,23
Natural Language Analysis Of Source Code Artifacts,23
Quality Attributes,23
Software Design,23
Software Professionals,23
System Metaphors,23
10.1145/3426428.3426925,23
Banking,12
Companies,12
Iso Standards,12
Software Quality Concerns in the Italian Bank Sector: The Emergence of a Meta-Quality Dimension,6
Testing,12
10.1109/COMPSAC.2017.229,12
Essence Language,12
Serious Games,12
Software Engineering Tools,12
10.1109/CSEET49119.2020.9206188,12
Strategic Management,12
Technical Debt,12
10.1007/978-3-030-47240-5_13,12
Complex Systems,9
Antifragility,12
10.1016/j.procs.2017.05.426,12
10.1109/CSEET58097.2023.00017,12
Acquisizione Digitale,24
Pergamena,24
Ravenna,24
9788815295187,24
Authorial Philology,25
Imaging Multispettrale,25
Manoscritti,25
10.6092/issn.2532-8816/14397,25
Knowledge Integration,14
10.1007/978-3-319-58694-6_32,14
978-1-64368-108-5,3
10.3233/SSW210035,2
Query Log Summarisation,2
Linked Sparql Queries,2
10.1007/978-3-031-47240-4_11,2
Citizen Curation,4
10.1145/3477599,4
10.1145/3555312,2
Uncovering Values: Detecting Latent Moral Content from Natural Language with Explainable and Non-Trained Methods,26
Author Name Disambiguation,2
Bibliographic Data,2
Clustering,22
Knowledge Graph Embeddings,2
10.1007/s11192-022-04426-2,2
Compliance,6
Consumers,6
Privacy And Data Protection,6
Privacy Policies,4
http://ceur-ws.org/Vol-2049/,4
10.1007/978-3-319-93417-4,3
Open Access,1
Bibliometrics,1
Citation-Based Metrics,1
Citation Networks,1
Academic Evaluation,1
Dimensions Of Proximity,1
10.1007/s11192-022-04581-6,1
Embodied Experience,3
Interpretation-Reflection Loop,3
Social Cohesion,3
Virtual Embodiment,3
Virtual Reality,3
10.1016/j.chb.2023.107911,3
Digital Twin,9
Personalized Learning Models,9
10.1145/3478281,9
Open Bibliographic Repositories,4
Open Data,4
10.1162/qss_a_00203,4
Academic Promotion,27
10.1007/s11192-022-04485-5,27
Wot,20
Iot,20
10.1109/WF-IoT54382.2022.10152138,3
Context Modeling,3
Context-Awareness,3
Internet Of Things (Iot),3
Models,3
10.1145/3411170.3411261,3
Semantic Modeling,3
Self-Adaptive Systems,3
10.1142/S0218194020400082,3
Semantic Sensor Networks,3
10.18293/SEKE2019-169,3
https://www.issi-society.org/publications/issi-conference-proceedings/proceedings-of-issi-2019/,4
Model,3
10.1109/ISSREW.2019.00069,3
Linked Open Data Visualisation,2
10.1145/3167132.3167367,2
Accuracy,22
Citation Relation,22
Relatedness Measure,22
Textual Similarity,22
10.1162/qss_a_00035,22
Spice,4
10.14361/dcs-2020-0213,4
Interpretation,4
Museum Information System,4
Reflection,4
User Engagement,4
http://ceur-ws.org/Vol-2687/paper7.pdf,4
Italian Literature,25
Collodi,25
Pinocchio,25
Italian Philology,25
"P. Italia-T. Gargano, Philoeditor 3.0: Pinocchio, in 'Senza giudizio... e senza cuore', Atti del convegno di studi su Pinocchio, Milano, Università Cattolica del Sacro Cuore e Università degli Studi, 18-19 maggio 2017, a cura di Paola Ponti e Martino Marazzi, “Rivista di Letteratura Italiana”, a. XXXVI, n. 2 (2018), pp. 133-144.",25
Iconographical And Iconological Interpretations,3
Artworks,3
11585/959618,3
Symbolism,3
Similarity Metric,3
Quantitative Cultural Analysis,3
11585/925542,3
11585/970020,3
Iconology,3
Iconography,3
Art Interpretation,3
11585/925537,3
Knowledge Graph Evaluation,3
Visual Works,3
11585/922641,3
11585/899029,3
11585/925544,3
11585/925539,3
Digital Scholarly Editing,28
Censorship,25
Benedetto Varchi,25
Renaissance History,25
Italian Renaissance Literature,25
1585/834976,25
Digital Library,29
Ministero Della Cultura,29
Patrimonio Digitale,29
Digitalizzazione,29
Infrastruttura Digitale,29
Ecosistema Digitale,29
Ministry Of Culture,29
Digital Heritage,29
Digitization,29
Digital Infrastructure,29
Digital Ecosystem,29
11585/947326,29
Opera Arias,9
Emotions Extraction,9
11585/916050,9
Automatic Emotions Identification,30
Opera Lyrics,30
11585/812794,30
Massive Multimedia Streams,31
Streams Processing,31
Face Detection/Recognition,31
Big Data Platforms,31
11585/614498,31
Genomic Computing,9
Genome Browser,9
Similarity Search,9
11585/589353,9
Data Platform,22
Data Stream Processing,22
Massive Data Streams,22
Stream Processing,22
11585/614496,22
Image Query Processing,32
11585/614497,32
Automatic Video Content Analysis,33
Motor Behaviour Patterns,33
Mobile Multimedia Technologies,33
11585/621067,33
Content-Based Image Retrieval,34
Indexing,34
Salient Point Descriptors,34
11585/614499,34
Automatic Video Analysis,35
Cataplexy,35
Laughter,35
Narcolepsy,35
Video Recording,35
Medicine (All),35
11585/653402,35
Privacy,4
Ethics In Data Governance,4
11585/636544,4
Multimedia Data Management,36
Similarity,36
Preferences,36
11585/614469,36
Agent-Based Simulation,37
Citizen Participation,37
Crowdsensing,37
Decision Support Systems,37
E-Mobility,37
Environmental Actions,37
Historic Buildings,37
Information And Communications,37
Integrated Design Approach,37
Intelligent Transportation System,37
Mobile Communications,37
Real-Time Data Analysis,37
Smart City,37
Smart Grid,37
Smart Lighting,37
Smart Navigation,37
Electrical And Electronic Engineering,37
11585/635413,37
Big Data And Analytics,9
Unconventional Data,9
Data Integration,9
11585/711434,9
E-Learning,38
Web Services Architecture,38
Modeling And Design,38
Collaborative Learning,38
Distance Education,38
Advanced Data Visualization,38
Information And Data Management,38
11585/711568,38
E-Learning Platforms,38
Portals,38
Data Repository,38
Data Management,38
11585/711556,38
Image Classification,34
11585/711461,34
Multiple Instance Classification,34
11585/711477,34
Social Networks,9
11585/711451,22
Dementia,16
Lesion Probability Map,16
Lesions,16
Mild Cognitive Impairment,16
Small Vessel Disease,16
White Matter,16
Aged,16
80 And Over,16
Cerebral Small Vessel Diseases,16
Cognitive Dysfunction,16
Female,16
Humans,16
Magnetic Resonance Imaging,16
Male,16
Neuroimaging,16
11585/734429,16
Real-Time Analysis,22
11585/775759,22
Computational Genomics,9
Genome-Wide Pattern-Search,9
Visual Analytics,9
11585/775670,9
Clustering Algorithms,9
Data Mining,9
Databases,9
Image Processing,9
Information Retrieval,9
Internet,9
Mathematics Of Computing,9
Pattern Recognition,9
Search Engines,9
Topology,9
World Wide Web,9
11585/775734,9
Motor Behavior Patterns,33
Artiﬁcial Intelligence For E-Health,33
11585/818671,33
Video-Based Classification Of Cataplexy,33
Data Analysis For Health,33
11585/838593,33
Computer Networks,9
Computer Systems,9
Databases Education Engineering,9
Image Analysis,9
Internet Learning,9
Query Languages,9
11585/838601,9
Multimedia Data Streams,22
11585/840899,22
11585/894752,3
Named Entity Recognition,39
Data Augmentation,39
Similarity Learning,39
Few Shot Learning,39
11585/894852,39
Informatics,40
Conference Proceedings,40
Research Applications,40
11585/896423,40
Software Framework,22
11585/954952,22
11585/955111,39
Multimedia Data,22
11585/955103,22
Abstractive Document Summarization,14
Biomedical Text Mining,14
Knowledge-Driven Natural Language Processing,14
Natural Language Understanding,14
11585/933453,14
Patrimonio Intangibile,41
Storia Aziendale,41
Patrimonio Industriale,41
11585/935061,41
Museo Del Patrimonio Industriale,42
Governance,42
Income Gap,42
Sostenibilità Finanziaria,42
11585/935193,42
Social Media,9
Hate Speech Detection,9
11585/801475,9
Network Analysis,9
Cyberbullying Detection,9
11585/801516,9
Explicit Lyrics Detection,9
11585/801505,9
11585/801636,9
Ancient Writing Systems,16
Unsupervised Learning,16
11585/889769,16
Abusive Language Detection,9
11585/801567,9
Cross-Lingual Models,9
11585/836682,9
Offensive Language Detection,9
11585/801645,9
11585/801542,9
Emotion Classification,9
11585/801587,9
Paleography,14
11585/912955,22
Knowledge,16
Language,16
Linguistics,16
Writing,16
1585/897490,16
Assistenza Sociale Misure Di Contrasto Alla Povertà Reddito Di Inclusione,43
Reddito Di Cittadinanza Immigrazione Trattato Di Dublino,43
11585/731935,43
Vaccini Fine,44
Vita Sentenza Cappato,44
11585/731948,44
Sistema Sanitario,45
Pandemia,45
Diritto,45
Pubblica Amministrazione,45
11585/821917,45
Governo,45
Sanità,45
Vaccini,45
Public Procurement,45
Scienza E Diritti,45
11585/882926,45
Responsabilità Civile,46
Responsabilità Penale,46
Responsabilità Amministrativa,46
11585/731995,46
11585/695989,45
Falso,45
Semiotica,45
Verità,45
11585/882639,45
Stato,45
Regioni,45
Spettacolo,45
Competenza,45
Riforme,45
11585/967613,45
Amministrazione Sanitaria,47
Emergenza Sanitaria,47
Covid - 19,47
11585/816030,47
Sharing Economy,42
Sharing Cities,42
Economia Collaborativa,42
Economia Delle Piattaforme,42
Peer-To-Peer,42
Concorrenza Sleale,42
11585/737082,42
Digital Cultural Heritage,12
Digital Twins,12
Photogrammetry,12
Preservation Of Temporary Exhibitions,12
Structured Light Scanning,12
11585/942853,12
Social Sequence Analysis,18
Creativity,18
Career,18
Innovation,18
Electronic Music,18
11585/766545,18
Network,18
Legitimacy,18
11585/723911,18
Aesthetics,18
Style,18
Beauty,18
Design,18
Organizational Perfomance,18
11585/851706,18
Anchor-Entrepreneur,48
Bricolage,48
Entrepreneurial Genealogy,48
Imprinting,48
Industry Emergence,48
11585/766547,48
Outsiders,18
Insiders,18
Jolts,18
Audiences,18
Agency,18
Novelty Field,18
Historical Study,18
Longitude,18
John Harrison,18
Chronometer,18
11585/614520,18
Periphery,49
Firm Entry,49
Shocks,49
Alliance Networks,49
Airlines,49
11585/700562,49
Peer Evaluation,18
Jury,18
Direct Ties,18
Reciprocity,18
Cliques/Clans,18
Status,18
Awards,18
Recognition,18
Tournament Rituals,18
Cultural Fields,18
Advertising,18
11585/681850,18
Chanel,18
Fashion,18
Women In Business,18
Outsider,18
11585/851701,18
Leadership,18
Change,18
11585/831034,18
Novelty,18
Ideas,18
Narratives,18
Framing,18
Innovator,18
Audience,18
11585/695367,18
Legitimation,18
11585/851699,18
Pitch,18
Evaluation,14
11585/723888,18
Social Evaluation,18
Interpersonal Relations,18
Peer Group,18
Social Stigma,18
11585/782358,18
Narratives/Storytelling,18
Novel Idea,18
Novices/Experts,18
11585/843015,18
Conventionality,4
Craftsmanship,4
Digital Market,4
Etsy,4
Narrative,4
11585/782356,4
11585/782354,18
11585/782355,18
Social Distance,18
Consecration,18
11585/640063,18
Rewards,18
Social Ties,18
11585/723869,18
Serverless,9
Scheduling,9
Topology-Awareness,9
11585/894726,9
Microservice Architectures,9
Automated Deployment,9
Formal Methods,9
11585/766734,9
Jolie,20
High Level Language,20
11585/626247,6
Microservices,20
Security,45
Systematic,45
Literature,45
11585/797447,1
Function-Execution Scheduling,9
Optimisation,9
11585/784516,9
11585/998538,50
Choreographic Programming,3
11585/653064,3
Cloud-Of-Things,45
Federated Platforms,45
Insider Threat,45
Internet-Of-Things,45
Mobility-As-A-Service,45
Law,45
11585/621026,45
Service Function Chain,9
Constraint Programming,9
Sdn,9
11585/666039,9
Function Scheduling,9
Declarative Languages,9
Tutorial,9
11585/951134,9
Ransomware,51
Detection,51
Mitigation,51
Restoration,51
Honeypot,51
Moving-Target,51
Defence,51
Resource,51
Contention,51
Ranflood,51
11585/933504,51
Computer Science - Programming Languages,52
Computer Science - Logic In Computer Science,52
11585/588930,52
Ephemeral Data Handling,20
In Language Query Languages,20
In Memory Data Handling,20
11585/713706,20
Platoon Formation,18
Security Threats,18
Mitigations,18
11585/695657,18
Cloud Computing,9
Functions-As-A-Service,9
11585/955211,9
Adaptation Of Distributed Systems,3
Dynamic Inclusion Of New Software Components,3
11585/709855,3
Maas,45
11585/603632,45
11585/784563,20
Programming Languages,20
11585/830892,20
Domain-Driven Design,20
Lemma,20
11585/950020,20
Internet Of Things,53
Coap,53
Mqtt,53
11585/695947,53
Deployment,20
Orchestration,20
Adaptation,20
11585/830890,20
Security Software,20
Engineering,20
Threat Models,20
Operations Security,20
11585/844094,20
Service-Oriented Architectures,20
11585/695644,20
Code Generation,20
Jolie Apis,20
11585/951133,20
Domain Models,20
Api Generation,20
11585/891873,20
Distributed Programming,54
Choreography Programming,54
Multitier Programming,54
11585/830888,54
Serverless Formal Model,55
11585/695659,55
Service Oriented Architectures,9
11585/686792,9
Architecture-Level Scaling,20
Predictive Scaling,20
11585/903910,20
Automation & Control Systems,12
Artificial Intelligence Computer Science,12
Model Checking,12
11585/912512,12
Function Allocation,9
Cost Analysis,9
11585/950021,9
11585/621028,45
Logic,20
Process Calculi,20
11585/784570,20
Virtualization,56
Benchmarking,56
Cloud Deployment,56
11585/830894,56
Applied Statistics,22
Nonlinear Models,22
Dynamic Pricing,22
11585/893223,22
Advance Booking,22
Construal Level Theory,22
Online Ratings,22
Firm Size,22
11585/882944,22
Price Variability,57
Hotel Competition,57
Best Available Rate (Bar),57
Revenue Management,57
Procurement Strategies,57
Customer Response,57
11585/882945,57
Flexibility Cost,58
Air Fares,58
Cost Management,58
Reservation Changes,58
Decision Tree,58
11585/578943,58
Regional Forecasting,22
Daily Forecasting,22
Leading Indicator,22
Hotelier’S Expectations About Tourism Demand,22
11585/882946,22
Perceived Sustainability,14
Sustainable Tourism Development,14
Rural Tourism,14
Ordinal Sem,14
Small Areas,14
Perceived Value,14
11585/882947,14
Development Education,59
Transportation,59
Strategy And Management,59
Tourism,59
Leisure And Hospitality Management,59
11585/651057,59
Destinations' Competitiveness,60
Strategic Groups,60
Multivariate Clustering,60
11585/565708,60
Business Tourism,22
Fairs,22
Milan,22
Seasonality,22
Structural Vector Autoregression,22
11585/735503,22
Unesco World Heritage,14
Tourist Perceptions,14
Cultural Heritage Site,14
Destination Marketing,14
Cumulative Logit,14
11585/703631,14
Mega-Event,61
Expo 2015,61
Environmental Certification,61
Environmental Impacts,61
Resident Attitude,61
11585/588850,61
Coincident Indicators,62
Forecasting,62
Trading Strategies,62
Vix,62
Vix Futures,62
Weak Efficiency,62
11585/703636,62
Intertemporal Demand And Supply,63
Inventory Control,63
Last-Minute Price Adjustment,63
Price Kurtosis And Asymmetry,63
Score-Driven Model,63
Stochastic Seasonality Pattern,63
11585/900046,63
Tourist Satisfaction,64
Italian Destinations,64
Tourist Expenditure,64
Length Of Stay,64
Inbound Market,64
11585/846117,64
Attribute Entropy,64
Dynamic Method,64
Entropy-Trend Accuracy Matrix,64
Tourism Destination,64
11585/846235,64
Tourism Employment,65
Missing Data Imputation,65
Statistical Archives’ Integration,65
Agritourism,65
Emilia-Romagna Region,65
11585/956461,65
Composite Climate Indicator,66
Google Trends,66
Inbound Tourism Segments,66
Income And Price Elasticities,66
11585/734949,66
Tourism Development Planning,14
Segmentation Variables,14
11585/820326,14
Option Pricing,63
Garch,63
Stationarity And Ergodicity,63
11585/893059,63
Certification Benefits,67
Environment Impacts,67
Event Certification,67
Place Attachment,67
11585/846115,67
Participatory Planning Process,14
Stakeholder Priorities,14
Nominal Group Technique,14
Electre Iii,14
11585/893263,14
Competitive Advantage,68
Price Premium,68
Market Value And Finance,68
Social Commitment,68
11585/979074,68
Environmental Sustainability,67
11585/846469,67
Revpor,22
Revpar,22
Panel-Var,22
11585/648008,22
Sustainable Tourism,14
Market Segmentation Variables,14
Ordinal Structural Equations Models,14
11585/893745,14
Ancient Philosophy,53
Papirology,53
Socrates,53
Socratic Dialogue,53
Minor Socratics,53
Megaric School,53
Stilpon,53
Metrocles,53
Aristotle,53
Ethics,53
Literary Criticism,53
11585/808230,53
11585/843761,53
Roman Egypt,69
Roman Citizenship,69
Roman Trade,69
Latin Papyri,69
11585/897327,69
Field-Effect-Transistor,70
Bioelectronic Recordings,70
Organic Electronics,70
11585/732471,70
Ai Fairness,71
Geoffair,71
Geometric Framework,71
11585/732472,71
Artistic Evaluation,72
Robotic Dance Choreography,72
Multi-Modal Creativity,72
Educational Ai,72
11585/918417,72
Kidney Exchange Problem,73
Probabilistic Model,73
Stochastic Online Optimization,73
11585/728105,73
Anomaly Detection,9
Autoencoder,9
High Performance Computing,9
11585/694862,9
Constrained Machine Learning,9
Regularization Methods,9
11585/822500,9
11585/822501,9
Hpc Systems,9
Autoencoders,9
Supercomputer,9
Applications Of Ai,9
11585/696375,9
11585/962368,9
Transprecision Computing,9
Empirical Model Learning,9
11585/760760,9
Artificial Intelligence Creativity,74
11585/995051,74
11585/895899,72
Agent-Based Modelling,9
Traffic Micro Simulators,9
Modeling And Simulation,9
11585/619647,9
Artificial Neural Networks,9
Combinatorial Optimization,9
Decision Trees,9
Local Search,9
Mixed Integer Non-Linear Programming,9
Sat Modulo Theories,9
Language And Linguistics,9
Linguistics And Language,9
11585/583559,9
Optimization Energy Efficiency,75
11585/995053,75
Frequency Assignment,9
High Performance Computing Systems,9
Mixed-Integer Programming,9
Heuristic Algorithm,9
Power Capping,9
11585/710003,9
Kidney Exchange,9
Optimization,9
Operations Research,9
Anticipatory Algorithms,9
11585/659042,9
Hardware Dimensioning,9
Efficient Energy Management,9
Constrained Optimization,9
11585/894554,9
Constraints And Sat: Constraint Satisfaction Heuristic Search And Game Playing,76
Combinatorial Search And Optimisation Uncertainty In Ai: Uncertainty In Ai,76
11585/727068,76
Offline/Online Optimization,2
Uncertainty,2
Decision Making,2
11585/802160,2
Compartmental Models,16
Universal Differential Equations,16
11585/907947,16
Constraints,9
Controlled Experiments,9
11585/861097,9
Domain Knowledge,9
11585/801890,9
Offline Stochastic Optimization,2
Online Stochastic Optimization,2
Optimization Under Uncertainty,2
11585/802158,2
Robust Optimization,77
Benders Decomposition,77
@Alma-Ai,77
Almaai,77
11585/728093,77
Simulation Model,78
Multi-Agent Systems,78
Photovoltaic Energy,78
Parameter Fine-Tuning,78
Self-Reported Behaviour,78
Predictive Model,78
11585/689018,78
11585/659046,9
Model Learning,79
Deep Neural Networks,79
Constraints Solving,79
Search,79
11585/635303,79
Energy Management,2
11585/676114,2
Ai Bias,71
Ai Equity,71
Ai Equality,71
11585/962308,71
Energy-Efficiency,9
Pricing Schemes,9
11585/651647,9
11585/962621,71
Energy,9
Efficiency,9
11585/995054,9
Robotic Dance,18
11585/995839,18
Stochastic,9
Energy Systems,9
11585/611492,9
Hpc,9
Power Modelings,9
11585/634977,9
Mathematical Puzzles,9
Challenge,3
11585/614083,3
Deep Reasoning,9
Mathematical Puzzle,9
11585/586807,9
Decomposition,9
11585/861099,9
Integrated Offline/Online Optimization,80
Combinatorial Optimization Uncertainty,80
11585/802162,80
Eeg,81
Indoor Location,81
Hmi,81
Wearable,81
Android,81
11585/60927,81
Carbon Footprint,14
Non-Accuracy Metrics,14
Recommender Systems,14
Sustainability,14
11585/988515,14
Planning,18
Aesthetic Evaluation,18
11585/944313,18
Business Model Definition,82
Customer Behavior Modeling,82
Electricity Tariff Optimization,82
11585/611490,82
Bibliographic Analysis,2
Cultural Analytics,2
Citations,2
11585/959095,2
Dante,45
Giustizia,45
Potere,45
Tempo,45
Fede,45
11585/894112,45
Impero,45
11585/894114,45
Collezionismo,83
Ricerca,83
Attività Formative,83
Schede Di Catalogo,83
11585/735657,83
Bourdieu,17
Sociologia,17
Mercato De Beni Simbolici,17
Pietà Religiosa E Devozione Artistica,17
Chi Ha Creato I Creatori,17
Istituzionalizzazione Dell'Anomia,17
11585/959644,17
Characteristic Function,84
Intractable Likelihood,84
K-Nearest Neighbor Entropy,84
Summary Statistics,84
11585/721126,84
Financial Crisis,85
Extreme Value Theory,85
Change-Points Detection,85
U.S. Economy,85
11585/714992,85
Volatility,85
Risk,85
Quantile,85
11585/721124,85
Actuarial Science,86
Advanced Econometrics,86
Computational Finance,86
Extreme Risk And Insurance,86
Tail Analysis,86
11585/809107,86
11585/714985,86
Change Point,87
Hierarchical Models,87
Threshold Exceedances,87
Trawl Process,87
11585/714994,87
Portfolio Liquidity,88
Investments,88
Price Staleness,88
Har,88
11585/790533,88
C12,89
Financial Stability,89
Flight-To-Quality,89
G00,89
G01,89
G21,89
Granger-Causality,89
H63,89
Illiquidity,89
Sovereign Debt Crisis,89
Systemic Risk Propagation,89
Finance,89
Economics,89
Econometrics And Finance (All),89
11585/666213,89
Extreme Value Regression,22
Mesoscale Convective Systems,22
Mixed-Frequency Data,22
Rainfall Intensity,22
11585/925597,22
Panel Data,22
Risk Assessment,22
11585/914684,22
11585/714963,22
Conditional Risk Measures,62
Peaks-Over-Threshold,62
Realized Volatility,62
Tail Risk,62
11585/714981,62
Discrete Generalized Pareto Distribution,90
Generalized Method Of Moments,90
Urban Heat Island,90
Bootstrap,90
11585/790517,90
Kurtosis,91
Likelihood Ratio,91
Skewness,91
Value-At-Risk,91
11585/809125,91
Asset Allocation,92
Hypothesis Testing,92
Liquidity,92
Staleness,92
11585/914687,92
Epistolari,93
Rinascimento,93
Tasso,93
"[recensione a ] Ricerche sulle Lettere di Torquato Tasso, a c. di Clizia Carminati e Emilio Russo, Bergamo, Edizioni di Archilet, 2017",93
Philology,25
Metodo,93
D'Annunzio,93
"[recensione a] C. Montagnani, P. De Lorenzo, Come lavorava d'Annunzio, Roma, Carocci, 2018",93
Matteo Palumbo,93
"[recensione a] Culture del Rinascimento. Studi per Matteo Palumbo, Studi Rinascimentali, numero a c. di Giancarlo Alfano e Pasquale Sabbatino, 2017",93
Poesia,25
Leopardi,25
Canti,25
https://www.rivisteweb.it/issn/0391-2493/issues,25
Napoli,93
Aretino,93
https://www.lelettere.it/libro/24010-21-2,93
Ecdotica,25
Critica,25
10.14434/tc.v15i2.35558,25
Machiavelli,93
"[recensione a] L. Biasiori, Nello scrittoio di Machiavelli. Il 'Principe' e la 'Ciropedia' di Senofonte, Roma, Carocci, 2017",93
Leonardo Da Vinci - Scrittura - Letteratura Italiana,94
https://www.lelettere.it/catalogo/rivista/5971,94
Guicciardini - Oroscopo,95
https://www.lelettere.it/libro/24010-20-1,95
Guerre D'Italia,93
"[recensione a] R. Ruggiero, Machiavelli e la crisi dell'analogia, Bologna, Il Mulino, 2015",93
Digitale,93
"[Recensione a] Rinascimento digitale. Percorsi, progetti, esperimenti, a cura di G. Genovese e E. Russo, Treccani, Roma, 2021, in Rassegna della Letteratura Italiana, IX/2, 2022, pp. 402-403.",93
Romanzo Storico,25
Nievo,25
Manzoni,25
https://www.edizionistudium.it/riviste/studium-ricerca-n-1-2023,25
Utopie,93
Cinquecento,93
"[recensione a] Italies, 2021, 25 (Utopies, a c. di P. Abbrugiati, R. Ruggiero e M. Ringot), in Rassegna della Letteratura Italiana, IX/2, 2022, pp. 406-408.",93
https://www.lelettere.it/libro/24010-20-2,93
[recensione a] Un'arte che non langue non trema e non s'offusca. Studi per Simona Costa,93
Lettere,93
Libri Di Lettere,93
Criteri Di Edizione,93
A proposito dei criteri di edizione per gli epistolari del cinquecento,25
https://www.bulzoni.it/it/catalogo/volti-e-voci-em-di-em-e-em-per-em-lucrezia.html,93
Annibal Caro,93
Editoria,25
10.13130/2499-6637/13152,93
Traduzioni,93
https://www.newitalianbooks.it/it/pietro-bembo-in-traduzione/,93
Guicciardini,93
http://www.archilet.it/Pubblicazione.aspx?IdPubblicazione=19,93
https://www.lerma.it/libro/9788891319395/toc/191,93
Diplomazia,93
Crisi,93
"Recensione a: Raffaele Ruggiero, Baldassarre Castiglione diplomatico. La missione del 'Cortegiano'",93
Storiografia,93
10.6092/issn.2532-8816/14807,93
Guicciardini- Sacco Di Roma - Autobiografia,96
Forse che le cose harebbono avuto altro fine di quello che hanno havuto. Un autore allo specchio: Guicciardini e le orazioni all'indomani del Sacco,96
Semantic Collection,3
Mythologiae,3
Digital Hermeneutics,3
10.5281/zenodo.8107673,3
Archival Linked Data,3
Library Linked Data,3
10.4403/jlis.it-12642,3
Collezione Semantica,3
Citazioni Canoniche,3
Ermeneutica Digitale,3
Workflow,3
10.2426/aibstudi-13301,3
Manuscript,3
Data Modelling,3
Contestability,3
https://hdl.handle.net/11585/972233,3
Chinese Calligraphy,6
Write,6
Contemporary Art,6
Digital Archive,6
https://dh-abstracts.library.cmu.edu/works/11704,6
Canonical Citations,3
10.5281/zenodo.4639821,3
Data Visualisation,3
Higraphs,3
Modeling And Visualization,3
Critical Design,3
10.5281/zenodo.7961821,3
Italo Calvino,3
Narratology,3
http://www.aiucd.it/wp-content/uploads/2023/06/2023_aiucd_la_memoria_digitale_v1.pdf,3
Reification,4
10.5281/zenodo.8107887,3
10.30687/mag/2724-3923/2021/03/006,25
Archilochus,25
Elegy,25
Digital Philology,25
Xml/Tei,25
http://hdl.handle.net/11381/2891638,25
Digital Edition,3
Ancient Greek,3
Research Infrastructures,3
Digital Classics,3
10.3384/ecp2020172011,3
Dse,25
https://www.aiucd.it/atti-convegno-aiucd-2023/,25
Edizione Critica Digitale,45
Il Conte Di Carmagnola,45
Filologia Dâ€™Autore,45
Codifica Di Apparati Complessi,45
Xml Tei,45
Overlapping,45
Edizioni digitali di opere a tradizione complessa: il caso del Conte di Carmagnola,45
Edizione Critica,25
http://annali.casadelmanzoni.it/index.php/annali,25
Digital Editions,29
10.14434/textual.v13i2.31607,29
Codifica Di Testi Moderni,25
Alessandro Manzoni,25
Laboratorio Didattico,25
Integrazione Didattica- Ricerca,25
Marcatura Xml/Tei,25
10.6092/unibo/amsacta/6361,25
Censura,25
Politica,45
Politica e Poetica nelle redazioni del Conte di Carmagnola,45
Edizioni Digitali,25
Analisi Digitale Testi Letterari,25
Computational Linguistics,9
10.6092/issn.2532-8816/8185,9
Critical Editions,28
10.14434/tc.v14i2.33673,1
Varianti Politiche,25
Alfieri,25
Verri,25
Monti,25
Varianti politiche d'autore. Da Verri a Manzoni,25
Digital Texts,29
American Philological Tradition,29
10.14434/textual.v13i2.31606,29
Ontology Modelling,3
Archival Science,3
Semantic Relationship,3
10.4403/jlis.it-12499,3
Contemporary Literature,28
Knowledge Organization,28
Intertextuality,28
Intratextuality,28
Text Encoding,28
Semantic Digital Edition,28
10.6092/unibo/amsacta/6415,28
Semantic Alignment,97
Annotation User Interface,97
10.5281/zenodo.7961822,97
Html,28
Graph Database,28
Cms,28
Åšivadharma Database CMS. HTML and graph as a starting point for digital editions,28
Omeka,98
Iiif,98
Mirador,98
Cultural Heritage Ontologies,98
Metadata,98
Archival Founds And Collections,98
https://dl.ficlit.unibo.it/s/lib/page/home,98
Tei,3
https://projects.dharc.unibo.it/lift/,3
Scholarly Tools,4
http://www.digitalhumanities.org/dhq/vol/16/2/000605/000605.html,4
Digital Scholarly Editions,3
10.6092/issn.2532-8816/9091,2
Critical Apparatus,3
Digital Scholarly Edition,3
Modelling,3
https://kups.ub.uni-koeln.de/55230/,3
Digital Finding Aid,3
Writers,3
Archives,25
http://ceur-ws.org/Vol-3019/LinkedArchives_2021_paper_3.pdf,25
Vr,12
Meaningfulness,12
Concentration,12
Abstract Concepts,12
Game Design,12
10.3390/info13120567,12
Zibaldone,25
Edizioni,25
https://wydawnictwo.uksw.edu.pl/ksiegarnia/1190-leopardi-oltre-la-letteratura-lo-zibaldone-nella-cultura-contemporanea.html,25
Leopardi. Authorial Philology. Zibaldone. Datazione,99
10.48255/J.LELLIS.15.II.2020.04,99
Idilli,25
Reflectance Transformation Imaging (Rti),25
10.6092/issn.1721-4777/12420,25
Designing And Theorizing,100
Mapproject,100
Hogart Press,100
"Review of BATTERSHILL, Claire, Helen SOUTHWORTH, Alice STAVELEY, Michael WIDNER, Elizabeth Willson GORDON, Nicola WILSON. 2017. Scholarly Adventures in Digital Humanities: Making the Modernist Archives Publishing Project",100
Scholar Editions,6
10.13133/9788893770033,6
https://ceur-ws.org/Vol-3540/,3
https://dh2022.dhii.asia/abstracts/567,3
10.48676/unibo/amsdottorato/11020,3
10.1145/3594724,3
10.1108/JD-09-2022-0207,3
10.1145/3460210.3493552,3
https://spice-h2020.eu/conference/papers/posters/ExICE23_paper_7072.pdf,3
Towards the unchaining of symbolism from knowledge graphs: how symbolic relationships can link cultures,3
Scholarly Metadata,2
Provenance,2
Change-Tracking,2
https://github.com/opencitations/oc_meta,1
Chatbots,9
Museum,9
AI and chatbots as a storytelling tool to personalize the visitor experience. The case of National Museum of Ravenna.,9
Medieval Manuscripts Ontology,3
Memo,3
Medieval Manuscripts,3
Progetto Irnerio,3
10.6092/issn.2532-8816/11187,3
Computer Science - Human-Computer Interaction,101
Computer Science - Information Theory,101
Mathematics - Information Theory,101
10.48550/arXiv.2306.12973,101
https://github.com/polifonia-project/dashboard,3
Digital Pedagogy,12
Distance Learning,12
University Of Bologna,12
10.6092/issn.2532-8816/11829,12
Aiucd,102
Digital Scholarly Research,102
Project-Oriented Method,102
10.6092/issn.1721-4777/12375,102
Master Degree,12
Phd Degree,12
10.1108/JD-05-2016-0065,12
Trustworthiness,2
10.36253/jlis.it-557,2
Personal Archives,3
Heterogeneity,3
10.2426/aibstudi-11647,3
Erwin Panofsky,3
10.5281/zenodo.8321994,3
Linked Open Data · Art History · Archives,103
http://ceur-ws.org/Vol-3019/LinkedArchives_2021_paper_10.pdf,103
Crowdsourcing,3
10.1145/3594721,3
Cronologia,25
Cronologia della letteratura italiana,25
Learning Areas,104
Programme Catalogue,104
Professional Figures,104
Stakeholders And Partnerships,104
10.6092/issn.2532-8816/7862,104
Lam,28
Dhdk,28
10.2426/aibstudi-12068,28
Biblioteche Universitarie,29
Digital Curation,29
Mostre Virtuali,29
10.6092/issn.2283-9364/18712,29
Data Exploration,3
Dynamic Digital Collections,3
Art History,3
10.6092/unibo/amsacta/7721,3
Conjectures,2
Glam,2
http://ceur-ws.org/Vol-3160/,2
Dike,45
Esiodo,45
Pindaro,45
Platone,45
Eschilo,45
Cicerone,45
Aulo Gellio,45
Pelagio,45
Leibniz,45
Ecclesiaste,45
Vangelo Di Luca,45
Apocalisse,45
https://sol.unibo.it/SebinaOpac/resource/giustizia/UBO7820249,45
Graph Data Model,3
https://www.i-d-e.de/publikationen/schriften/bd-15-graph-data-models/,3
Cronologia Ragionata,25
Autori,25
Generi,25
Opere,25
https://www.patroneditore.com/volumi/9788855535236/i-passaggi-e-la-cronologia-ragionata-della-letteratura-italiana,25
Organizzazione Della Conoscenza,105
Ontologie,105
10.53134/9788893574365-15,105
Letteratura Greca,45
Letteratura Latina,45
Letteratura Inglese,45
Traduzione,45
Classici,45
Fortuna,45
cf. http://www.permanenza.unibo.it/eventi/il-potere.-i-classici-xvii-edizione,45
Lucrezio,45
De Rerum Natura,45
Antico Testamento,45
Commedia,45
Omero,45
Iliade,45
https://centri.unibo.it/permanenza/it/iniziative-editoriali/libri-di-sala,45
Edizione Digitale,106
Digitale Nativo,106
Archivi Di Persona,106
10.3302/2421-3810-202101-081-1,106
Emozioni,45
Piacere,45
Divertimento,45
Felicità,45
Gioia,45
Estasi,45
Letteratura Biblica,45
https://hdl.handle.net/11585/604905,45
Photo Archive,3
http://aibstudi.aib.it/article/view/11569,3
Preservazione,105
Provenienza,105
Atto Interpretativo,105
10.6092/issn.2283-9364/7531,105
Cidoc-Crm,3
Frbr,2
Fotografia,3
10.6092/issn.2532-8816/7195,3
Lucrezia Borgia- Rinascimento- Ferrara- Modena- Epistolografia,107
https://www.asmo.beniculturali.it/mostre/lucretia-estensis-de-borgia-tra-biografia-e-narrazione-nelle-carte-dellarchivio-di-stato-di-modena,107
Lucrezia Borgia,93
Mostra Virtuale,93
Documenti Inediti,93
https://exhibits.ficlit.unibo.it/s/lucretia-borgia/page/introduzione-alla-mostra,93
Seneca,45
https://patroneditore.com/volumi/9788855535472/lucrezio-seneca-e-noi,45
Rappresentazione Dati,93
Web Semantico,93
Vespasiano Da Bisticci,93
L'informazione digitale e il Web semantico. Il caso delle scholarly digital editions,93
Digital Library - Ministero Della Cultura - Patrimonio Digitale - Digitalizzazione - Infrastruttura Digitale - Ecosistema Digitale - Digital Library - Ministry Of Culture - Digital Heritage - Digitization - Digital Infrastructure - Digital Ecosystem,108
10.53134/9788893575324-045,108
Disagreement,2
Contexts,2
10.1515/9783110430295-041,2
Data Structures,3
10.12759/hsr.suppl.31.2018.170-179,3
10.4399/979-12599448493,3
Contesto,3
Livelli,3
Descrizione,3
Interpretazione,3
10.53134/9788893573573,3
Patria,45
Sofocle,45
Virgilio,45
"Patria, patrie",45
Diff,109
Promessi Sposi,25
Laboratorio,25
https://github.com/dharc-org/philoeditor,25
http://patroneditore.it/volumi/9788855535472/lucrezio-seneca-e-noi,45
10.48550/arxiv.2305.08477,2
Beni Culturali,3
Zeri & Lode,3
Standard,3
https://www.carocci.it/prodotto/digital-humanities,3
Multiple Points Of View,110
Contrasting Assertions,110
Rdf Serialization,110
Scholarly Conjectures,110
http://ceur-ws.org/Vol-2810/,110
Testo Digitale,25
Accesso Aperto,25
Un laboratorio di editoria digitale,25
Riproducibilità,3
10.6092/unibo/amsacta/6852,3
Ead,111
Dc,111
Edm,111
Eac-Cpf,111
Lod Workflow,111
"Web semantico, Linked Data e archivi. Metodologie e strumenti per la rappresentazione della conoscenza",111
Śivadharma Database CMS. HTML and graph as a starting point for digital editions,28
Bibliographic Coupling,1
History,1
Intellectual Organization,1
Network Connectivity,1
Text Similarity,1
10.1007/s11192-018-2934-0,1
Epidemics,1
Plague,1
Venice,1
10.1038/s41598-020-74775-6,1
Bibliographic Databases,112
Citation Indexes,112
Humanities Research,112
10.1093/llc/fqac016,112
Wikipedia,1
10.1145/3487553.3524925,1
Bibliodata,1
10.5281/zenodo.6559857,1
https://www.issi-society.org/publications/issi-conference-proceedings/proceedings-of-issi-2021/,1
Language Models,9
Optical Character Recognition (Ocr),9
10.5220/0010945100003116,9
Bibliographic Coupling Networks,1
Sociology Of Science,1
Tribes And Territories,1
10.1016/j.joi.2018.11.006,1
Open Education,8
10.3233/EFI-230020,4
Apprenticeship,1
Economic History,1
10.1017/9781108690188.005,1
Recordkeeping,9
10.1145/3479010,9
Methods,1
Theory,1
Historiography,1
Reference Analysis,1
10.22148/001c.11828,1
Simulation,113
Imperial Dynamics,113
Ancient History,113
10.21237/C7clio10245282,113
Ocr,9
Optical Character Recognition,9
Assessing the impact of OCR quality on downstream Natural Language Processing tasks,9
Cord-19,1
Coronavirus,1
10.1162/qss_a_00080,1
Nfts,9
Digital Art,9
Nft Art,9
Blockchains,9
10.1162/leon_a_02003,9
Datasheets,12
Model Cards,12
Glam Institutions,12
10.5334/johd.124,12
Arts And Humanities,1
Conditional Random Fields,1
Recurrent Neural Networks,1
Reference Mining,1
10.3389/frma.2018.00021,1
Apache Spark,112
Digital Tools,112
Distributed Queries,112
High-Performance Computing,112
Historical Sources,112
Text Mining,112
Xml Schemas,112
10.1109/eScience.2019.00033,112
Citation And Co-Citation Analysis,9
Exploring the similarity of articles co-cited at different levels,9
Citation Mining,1
10.46298/jdmdh.9380,3
Distributed Training,114
Group Synchronization,114
Scalable Graph Embedding,114
10.1007/s10994-022-06285-7,114
Web Science,8
10.1145/3442381.3450136,8
https://convegni.unicatt.it/aiucd-Spinaci_et_al.pdf,1
Ancient Inks And Papers,115
Early Printed Books,115
Logistic Regression,115
Non-Invasive Analysis,115
Principal Component Analysis (Pca),115
X-Ray Fluorescence (Xrf),115
10.1016/j.microc.2017.12.010,115
10.1145/3366423.3380300,4
Citation Impact,1
Citation Influence,1
Influence,1
Interdisciplinarity,1
10.1007/s11192-020-03580-9,1
Quantifying the long-term influence of scientific publications,1
10.3828/coma.2022.22,9
Analysis Of Full Text,116
Databases And Electronic Publications,116
Journals,116
Reference behavior in the full text of scientific articles: A large-scale analysis,116
Art,9
Social Networks (Online),9
10.3389/fbloc.2022.1073499,9
Citation Indexing,2
Bibliographic Information Retrieval,2
Open Research Infrastructure,2
10.1007/s00799-022-00327-0,2
10.1371/journal.pone.0230416,1
10.1002/asi.23981,112
Citation Extraction,9
Digital Libraries,9
History Of Venice,9
10.1007/s00799-017-0210-1,9
Blogs,1
Knowledge Transfer,1
News Sites,1
Scholarly Information,1
Science And Society,1
Science Communication,1
10.3389/frma.2022.824538,1
Core Literature,1
Intellectual Landscapes,1
10.1007/s11192-017-2550-4,1
Citation Timing,1
Dynamic Networks,1
Elo System,1
Ranking Of Scholars,1
10.1016/j.joi.2017.09.003,1
Bert,12
Multi-Task Learning,12
Named Entity Recognition (Ner),12
Post-Ocr Correction,12
Transfer Learning,12
https://ceur-ws.org/Vol-2723/,12
10.1086/699300,1
Data,2
Data Set,2
10.1162/qss_a_00105,1
Authoritativeness,3
10.1002/asi.24301,9
Rdflib,2
Spar Ontologies,2
10.1007/978-3-031-06981-9_18,2
10.4403/jlis.it-12533,3
Art Historians' Personal Archives,117
http://artchives.fondazionezeri.unibo.it/,117
10.4403/jlis.it-12703,3
Online Catalogue,3
Music Data,3
Characterizing the Landscape of Musical Data on the Web: state of the art and challenges,3
Cinema Studies,8
Literary Studies,8
Imdb,8
10.6092/issn.2532-8816/14514,8
10.6084/m9.figshare.16782781.v3,8
Lavoro Digitale,118
Digital Skills,118
Le professioni del lavoro digitale,118
10.6092/issn.1721-4777/12325,93
10.3233/SSW190006,3
https://www.iospress.com/catalog/books/mining-authoritativeness-in-art-historical-photo-archives,3
Data Preservation,3
Catalogue,3
http://projects.dharc.unibo.it/musow/,3
Music Heritage,3
https://polifonia-project.eu,3
Knowledge Management,6
Tacit Knowledge,6
Wikis,6
Software: Control And Systems Engineering,6
10.1016/j.ins.2017.12.009,9
Linked Data Publishing,3
10.7717/peerj-cs.105,12
Computational Journalism,119
Churnalism,119
News Churn,119
News Analysis,119
News Diffusion,119
Online News Publication,119
10.1145/3603163.3609062,119
Psychology,3
Human-Computer Interaction,3
Psychiatry,3
https://www.sciencedirect.com/journal/computers-in-human-behavior,3
Change Analysis And Interpretation,109
Change Detection,109
Change Tracking,109
Applications,109
10.1145/3209280.3232792,109
Index Terms-Document Visualization,120
Information Interfaces And Presentation,120
Scholarly Articles,120
Structural Patterns,120
Sunburst,120
10.18293/DMSVIVA2019-021,120
Collaborative Editing,28
Technical Documentation,28
Templating,28
10.1145/3209280.3209537,6
Contesti Citazionali,121
Citazioni,121
http://ceur-ws.org/Vol-2253/,121
Citation Functions,2
10.1007/978-3-030-01379-0_11,2
Interpretation Of Changes,109
Textual Differences,109
Versioning,109
10.1145/3342558.3345406,109
Real-Time,28
User Behavior,28
Conflict Resolution,28
Simultaneous Editing,28
Etherpad,28
https://github.com/gdazero/RTCE/,28
10.1145/3274310,28
Social Software,6
Web 2.0,6
Library And Information Sciences,6
10.1108/OIR-02-2017-0038,6
Html-Based Scholarly Articles,6
Raje,6
Rash Framework,6
Research Article In Simplified Html,6
Research Communication,6
Web-First Format,6
10.1145/3103010.3103018,6
Image Schemas,14
Linguistic Linked Data,14
Ontology Alignment,14
Prepositions,14
http://ceur-ws.org/Vol-2518/paper-CAOS3.pdf,14
Commonsense Reasoning,14
Ethics & Ai,14
Moral Values,14
10.1007/978-3-031-17105-5_1,14
Cognitive Semantics,6
Relations,6
Roles,6
Semantic Interoperability,6
10.3233/SW-190383,6
User Perspectives,3
Comparing User Perspectives in a Virtual Reality Cultural Heritage Environment,3
Social Inclusion,3
10.1007/978-3-031-34560-9_1,3
Psychological Theories,18
Neural Patterns,18
https://dblp.org/db/conf/creai/creai2023.html,18
Moral Foundation Theory,122
Text Classification,122
Transformers,122
10.1007/978-3-031-25599-1_1,122
Dolce,8
Foundational Ontology,8
Ontological Analysis,8
Use Cases,8
10.3233/AO-210259,8
Human Behaviour,3
Emotions,3
10.1038/s41598-023-36201-5,3
Word Embeddings,6
Implicit Biases,6
Gender,6
10.1007/s00146-022-01474-3,6
Compositionality,14
Natural Language,14
http://ceur-ws.org/Vol-2347/2-Gangemi.pdf,14
Frame-Based Ontology Alignment,9
Foundations Of Trustworthy Ai,9
Automated Reasoning,9
10.48550/arXiv.2109.06022,9
Claim Verification,123
Graph-Based Natural Language Processing,123
Passage Retrieval,123
10.1007/978-3-030-93413-2_41,123
10.3233/sw-223084,9
Fuzzy Logic,124
Wordnet Synsets,124
https://arxiv.org/pdf/2104.10660,124
10.1109/ACCESS.2023.3240089,9
Graph-Based Ai,125
Privacy Knowledge Graph,125
Privacy Protection,125
Semantic Models,125
Sensitive Personal Data,125
10.3390/bdcc6030090,125
Data Flows,3
Policies,3
Policy Propagation,3
Formal Concept Analysis,3
10.3233/SW-170266,3
Robot Experience Stories,126
Sitlog,126
Service Robot,126
Narrative Generation,126
10.3233/JIFS-169511,126
http://ceur-ws.org/Vol-3064/mdk5.pdf,3
Owl,3
10.4230/OASIcs.MDK.2021.5,3
Midi,3
Music Interoperability,3
10.1007/978-3-319-68204-4_16,3
Computer Music,3
http://ceur-ws.org/Vol-3011/pattern2.pdf,3
Odp,6
Publishing Process,6
Pwo,6
Workflow Description,6
10.3233/SW-160230,6
Embodied Cognition,14
Knowledge Reprentation,14
https://ceur-ws.org/Vol-3140/,14
Emotion Detection,122
Out-Of-Distribution,122
10.18653/v1/2023.findings-acl.524,122
Zero-Shot Learning,14
Natural Language Inferenced,14
10.18653/v1/2022.deelio-1.4,14
Carlo Emilio Gadda,25
Fascismo,25
Eros E Priapo,25
Intertestualità,25
Interdiscorsività,25
"""Li associati a delinquere"". Voci di Gadda in ""Eros e Priapo""",25
Francesco Petrarca,25
Codice Degli Abbozzi,25
Varianti,25
Federico Ubaldini,25
Urbano Viii,25
Canzoniere,25
Alle origini della filologia d'autore. L'edizione del “Codice degli abbozzi” di Federico Ubaldini*,25
Critica Delle Varianti,25
Stéphane Mallarmé,25
Paul Valéry,25
Gianfranco Contini,25
Benedetto Croce,25
Lanfranco Caretti,25
Ludovico Ariosto,25
Giacomo Leopardi,25
https://www.carocci.it/prodotto/gli-scartafacci-degli-scrittori,25
Critica Genetica,25
https://journals.openedition.org/genesis/4497,25
Letteratura Italiana Moderna E Contemporanea,25
Giorgio Bassani,25
"""Paragone""",25
Quer Pasticciaccio Brutto De Via Merulana,25
Psicoanalisi,25
"""Botteghe Oscure""",25
"Bassani e Gadda. Quattro varianti per “Botteghe oscure”, in Giulio Ferroni, Clizia Gurreri (a cura di), Cento anni di Giorgio Bassani, Roma, Edizioni di Storia e Letteratura, 2019, pp. 147-64.",25
Poesia Dell'Ottocento,25
Romanticismo,25
"Capitolo Leopardi, in Letteratura Italiana. Storia e testi. Manuale per studi universitari, Milano, Mondadori Education, vol. II, 2018, pp. 504-574.",25
Romanzo,25
"Capitolo Manzoni in Letteratura Italiana. Storia e testi. Manuale per studi universitari, Milano, Mondadori Education, vol. II, 2018, pp. 381-383 e 433-503.",25
Autografi,25
Ariosto,25
Gadda,25
Bassani,25
Carte geo-grafiche. Prosatori al lavoro,25
Varianti D'Autore,25
Come lavorava Gadda,25
Confocal Microscopy,37
Diffraction Limit,37
Ink,37
Paper,37
Schottky Diode Detector,37
Terahertz,37
Radiation,37
Instrumentation,37
Condensed Matter Physics,37
10.1007/s10762-016-0338-x,37
Mario Tobino,25
Medical Humanities,25
Le Libere Donne Di Magliano,25
Il Deserto Della Libia,25
Per Le Antiche Scale,25
Psichiatria E Letteratura,25
10.17457/9788866804277_TAB.PDF,25
Epistolario,25
Biografia,25
https://www.vieusseux.it/books/antologia-vieusseux-n-87-settembre-dicembre-2023/,25
Variants Criticism,25
Wiki Leopardi,25
Ecdosys Leopardi,25
Wiki,25
Filologia D'Autore,25
Scholarly Edition,25
https://site.unibo.it/ecdotica/it,25
Aldo Moro,25
Critica Del Testo,25
10.7385/101917,25
Testi Digitali,25
Scholarly Editions,25
https://www.salernoeditrice.it/prodotto/editing-2000/,25
Errori in rete. Editing 2.0,25
Fotonica,25
Authorship,25
Imaging,25
Edizioni Critiche,25
Edizioni Scientifiche,25
Filologia d'autore digitale e multidisciplinare. Dall'Authorship alla fotonica,25
Letteratura Francese,25
Simbolismo,25
Mallarmá,25
Valéry,25
Proust,25
"Filologia d'autore, critica genetica e critica delle varianti: diacronia, sincronia e tassonomia",25
Filologia Editoriale,25
Edizioni Critiche Digitali,25
Testi In Raccolta,25
Opere Complete,25
10.13130/2499-6637/8918,25
"Filologie d'autore, in La critica del testo, Problemi di metodo ed esperienze di lavoro. Trent'anni dopo, in vista del Settecentenario della morte di Dante, Atti del Convegno internazionale di Roma 23-26 ottobre 2017, a cura di Enrico Malato e Andrea Mazzucchi, Roma, Salerno Editrice, 2019, pp. 119-32.",25
Scholarly Digital Editions,25
10.1093/llc/fqaa022,25
Letteratura Italiana Contemporanea,25
Lessicografia,25
Linguistica Italiana,25
http://www.carocci.it/index.php?option=com_carocci&task=schedalibro&Itemid=72&isbn=9788829016488,25
Grande Guerra,25
Diari,25
Caporetto,25
Memorialistica,25
https://www.adelphi.it/libro/9788845937316,25
Alessandro,25
I Promessi Sposi,25
Ventisettana,25
Seconda Minuta,25
http://annali.casadelmanzoni.it/index.php/annali/article/view/17/8,25
Letteratura Del Novecento,25
"I pellegrini degli archivi, in ""Archivi letterari del '900. Parte I: Ricerche e interpretazioni, a cura di Giuliana Zagra, Monica Davini, Magdalena Maria Kubas, ""Quaderni del Novecento"" (2018), 18, pp. 7-12.",25
Il lettore di Bassani e il “caso Deliliers”,25
Illuminismo,25
Pietro Verri,25
Vittorio Alfieri,25
Vincenzo Monti,25
Il pensiero in movimento,25
Storia Della Colonna Infame,25
Silvio Pellico,25
Pietro Maroncelli,25
Erich Auerbach,25
Mimesis,25
https://www.mimesisedizioni.it/libro/9791222303956,25
Pirandello,25
10.14434/textual.v12i2.28668,25
La Storia Della Colonna Infame,25
https://www.carocci.it/prodotto/manzoni-2,25
Giovanni Boccaccio,25
Umanesimo,25
Sannazzaro,25
Niccolò Machiavelli,25
Lodovico Ariosto,25
Francesco Guicciardini,25
Baldassar Castiglione,25
Pietro Bembo,25
Giovan Giorgio Trissino,25
Pietro Aretino,25
Giovanni Della Casa,25
Annibale Rucellai,25
Vincenzio Borghini,25
Torquato Tasso,25
Alessandro Tassoni,25
Galileo Galilei,25
Giovan Battista Vico,25
Pietro Metastasio,25
Giuseppe Pelli Bencivenni,25
https://volontadarchivio.disll.unipd.it/il-volume/,25
Scholarly Editing,25
Digital Text,25
Digital Archives,25
https://amsacta.unibo.it/id/eprint/6348/,25
Lingua Italiana,25
Didattica Della Lingua Italiana,25
Grammatica Italiana,25
https://www.lascuolasei.it/catalogo/ss2-biennio-licei/italiano-020/la-bella-lingua,25
Dante Alighieri,45
Divina Commedia,45
Foscolo,45
Witte,45
Scartazzini,45
Cannizzaro,45
Porta,45
Tommaseo,45
Camerini,45
La commedia nell'età moderna: l'Ottocento,45
Dante Isella,25
Giuseppe Parini,25
Vittorio Sereni,25
Leo Spitzer,25
Carlo Dossi,25
Carlo Porta,25
Delio Tessa,25
Eugenio Montale,25
"La filologia e la stilistica di Dante Isella. Per un'antologia, a cura di Stefano Carrai e Paola Italia, “Ecdotica”, n. 15 (2018), pp. 185-238 (Introduzione pp. 185-88).",25
Alberto Blecua,25
Lope De Vega,25
10.5565/rev/anuariolopedevega.488,25
Textual Criticism,25
http://amsacta.unibo.it/6348/,29
Letteratura Italiana Moderne E Contemporanea,25
"La produzione del romanzo. editori, consulenti, editor",25
Fauriel,45
https://www.bardiedizioni.it/product/la-ricezione-della-commedia-dai-manoscritti-ai-media/,45
Biblioteche D'Autore,25
https://www.bulzoni.it/it/catalogo/catalogo-della-biblioteca-di-carlo-emilio-gadda.html,25
Bibliografia,25
https://www.patroneditore.com/volumi/9788855535632/che-cos-era-e-che-cos-un-testo-di-lingua,25
Prima Guerra Mondiale,25
Giornale Di Guerra E Di Prigionia,25
Bonaventura Tecchi,25
Ugo Betti,25
Adele Gadda Lehr,25
https://www.mondadoristore.it/Il-gaddus-2023-1-na/eai978888593881/,25
Einaudi Editore,25
https://www.vieusseux.it/books/antologia-vieusseux-n-77-maggio-agosto-2020/105.html,25
Letteratura Italiana Dell'Ottocento,25
Paleografia,25
Poesia Italiana Dell'Ottocento,25
"Lo scrittoio, in Leopardi, a cura di Franco D'Intino e Massimo Natale, Roma, Carocci, 2018, pp. 227-242.",25
Critique Génétique,25
Alberto Savinio,25
10.4000/genesis.7715,25
Federico Confalonieri,25
Carboneria,25
https://buponline.com/prodotto/illuminismo-e-settecento-riformatore/,25
Linguaggio,25
Elettrotecnica,25
Metafore scientifiche nella prosa di Carlo Emilio Gadda,25
Il Libro Delle Furie,25
Pier Paolo Pasolini,25
'Officina',25
https://www.torrossa.com/en/resources/an/5158242,25
Romanzo Del Novecento,25
https://www.adelphi.it/libro/9788845934407,25
https://www.vieusseux.it/books/antologia-vieusseux-n-72-settembre-dicembre-2018/105.html,25
Letteratura Italiana Del Novecento,25
Metafisica,25
Valentino Bompiani,25
Nuove voci di “Nuova enciclopedia”,25
Leonardo Sciascia,25
"P. Italia, Sciascia e Tobino: un'amicizia 'a bacchiagghiu', in “Il Giannone”, a. XV-XVII, n. 29-34, gennaio-dicembre 2019, pp. 163-77.",25
La Passeggiata Autunnale,25
Alessandro Bonsanti,25
https://www.vieusseux.it/books/antologia-vieusseux-n-85-gennaio-aprile-2023/,25
http://www.fedoabooks.unina.it/index.php/fedoapress/catalog/view/527/553/2669,25
Carteggi,93
Per un'ecdotica dei carteggi,25
Catullo,45
La Cognizione Del Dolore,45
https://centri.unibo.it/archivio-umanistico-rinascimentale-bologna/it/pubblicazioni/schede-umanistiche-antichi-e-moderni,45
https://www.mimesisedizioni.it/libro/9788857575117,25
10.6092/issn.1721-4777/14011,25
Bibliofilia,25
Antiquaria,25
"Rec. a Carlo Alberto Chiesa, Un mestiere semplice. Ricordi di un libraio antiquario, Milano, Officina Libraria, 2016 (“Sine Titulo”, n. 2)",25
Poesia Del Novecento,25
https://www.vieusseux.it/books/antologia-vieusseux-n-81-settembre-dicembre-2021/105.html,25
Giorgio Caproni,25
https://www.vieusseux.it/uploads/antologia/N83/ANT83-09-LettIt.pdf,25
Storia Del Libro,25
Editing,25
"Rec. a Giancarlo Ferretti, Il marchio dell'editore. Libri e carte, incontri e casi letterari, Novara, Interlinea, 2019, in “Antologia Vieusseux”, n.s., a XXV, n. 75 (settembre-dicembre 2019), pp. 77-83.",25
Letteratura Italiaa,25
Napoleone,25
Ugo Foscolo,25
https://www.vieusseux.it/books/antologia-vieusseux-n-80-maggio-agosto-2021/105.html,25
Archivi Del Novecento,25
https://www.vieusseux.it/uploads/antologia/N79/08-ANT79-LettIt.pdf,25
https://www.vieusseux.it/books/antologia-vieusseux-n-74-maggio-agosto-2019/105.html,25
Nuovi Argomenti,25
Alberto Carocci,25
Alberto Moravia,25
https://www.vieusseux.it/uploads/antologia/N85/ANT-85-10-LettIt.pdf,25
Primo Levi,25
Bibliografie,25
https://www.vieusseux.it/attivita-culturali/pubblicazioni/antologia-vieusseux.html,25
Luigi Fallacara,25
"Recensione a L'Eterno accade, L'officina letteraria di Luigi Fallacara",25
Manosacritti,25
"Recensione a Matteo Motolese, Scritti a mano, Milano, Garzanti, 2017, in “Antologia Vieusseux”, a. XXIV, n. 71, (maggio-agosto 2018), pp. 95-102.",25
Textual Studies,25
"Recensione a Peter Shillingsburg, Textuality and knowledge, The Pennsylvania State University Press, University Park, Pennsylvania, USA, 2017, pp. 240.",25
Autore,25
Scrittura,25
https://www.carocci.it/prodotto/storia-dellitaliano-scritto-vi-pratiche-di-scrittura,25
Francesco Flora,45
Università Di Bologna,45
https://exhibits.ficlit.unibo.it/s/dante-univ-bologna/page/presentazione,45
Infinito,25
Idillio,25
Luigi Blasucci,25
https://hdl.handle.net/11585/635076,25
D'Azeglio,25
Cesare,25
Lettera Sul Romanticismo,25
Keywords,25
Romanticism,25
Letter On Romanticism,25
"Un nuovo testimone della ""Lettera sul Romanticismo""",25
10.30451/am.v0i2.34,25
Nuova Enciclopedia,25
https://mucchieditore.it/prodotto/la-vita-e-segno-gino-ruozzi/,25
Genetic Criticism,25
10.11647/OBP.0224,25
Legal Question Answering,127
Private International Law,127
Knowledge Graph Extraction,127
10.1145/3462757.3466094,127
Digitisation Cultural Heritage,128
European Policy,128
Legal Framework,128
Research And Innovation,128
10.1007/978-3-030-93186-5_11,128
Privacy Icons,4
Gdpr,4
Informed Consent,4
Legal Design,4
Legal Visualization,4
Legal Semantic Web,4
https://jusletter-it.weblaw.ch/issues/2018/IRIS/a-methodological-fra_c2727b2f8f.html__ONCE&amp;login=false,4
Legal Theory,4
Legislation,4
Legal Language,4
10.1415/105387,4
Explainable Artificial Intelligence,15
Metrics,15
Standardisation,15
Artificial Intelligence Act,15
10.3233/FAIA210342,15
Data Protection,4
Icons,4
Transparency,4
Usability,4
10.1109/CeDEM.2017.23,4
Legalxml,53
Akoma Ntoso,4
10.3233/FAIA190018,3
Legal Xml Vocabulary,4
Markup Language,4
Modules,4
10.4242/BalisageVol24.Palmirani01,4
Uri,9
Legal Xml,4
Modifications,9
10.1007/978-3-030-00178-0_20,9
Anonimizzazione,4
Pseudonimizzazione,4
Sentenze Giudiziarie,4
Dati Giudiziari,4
Dati Personali,4
https://shop.giuffre.it/024218743-la-trasformazione-digitale-della-giustizia-nel-dialogo-tra-discipline,4
Argumentation Schemes,12
Argument Mining,14
http://ceur-ws.org/Vol-2669/paper6.pdf,14
Personal Data,22
Explicability,22
Automated,22
Decision-Making System,22
10.4477/97021,22
Automated Decision-Making,45
https://www.giappichelli.it/vulnerabilita-di-fronte-alle-istituzioni-e-vulnerabilita-delle-istituzioni,45
Explanations,22
Knowability,22
10.1415/102318,22
Data Governance,22
Datafication,22
Digital Identity,22
"Big data, governance dei dati e nuove vulnerabilità",22
Blockchain,4
Smart Contract,4
Blockchain e smart contract,37
Interpretation Theory,4
10.1162/desi_a_00605,4
Tree Kernels,14
Argument Schemes,14
10.1145/3377713.3377717,14
Digital Governance Act,129
General Data Protection Regulation,129
Digital Service Act,129
Data Act,129
10.38023/f17f1598-a9ca-47ef-be7d-e79e2afae036,129
Tree Kernel,14
Argumentative Stance,14
http://ceur-ws.org/Vol-2722/ai4legal2020-paper-2.pdf,14
Semantic Technologies,4
10.3233/FAIA190020,4
Hybrid Ai,4
10.1007/978-3-031-12673-4_9,4
10.1007/978-3-030-31095-0_13,14
Emerging Issues,22
Food Safety,22
10.1007/978-3-319-98349-3_17,22
Deontic Logic,4
Legal Informatics,4
10.1007/s10849-019-09309-z,4
Interaction Design,4
Human-Centered Design,4
10.1007/978-3-030-00178-0_5,4
Standard Documentali Xml,130
Meta-Regola Del Diritto,130
10.4399/97888255152132,130
Classification Ai,9
Legal Drafting Techniques,9
10.3233/FAIA210319,9
Implementation Of European Directive,4
10.1007/978-3-031-12673-4_8,4
Legal Ontology,4
Oke,4
Refinement,4
10.1007/978-3-030-58957-8_1,4
Non-Personal Data,131
Anonymization,131
Pseudonymization,131
10.1007/978-3-030-89811-3_19,131
Informatica Giuridica,4
Informatica Forense,4
Egoverment,4
Informatica giuridica e informatica forense al servizio della società della conoscenza. Scritti in onore di Cesare Maioli,4
Spiegabilità Dell'Artificial Intelligence,22
Art. 22 Del Gdpr,22
https://www.giappichelli.it/xxvi-lezioni-di-diritto-dell-intelligenza-artificiale-9788892138957?srsltid=AfmBOoqR7xxi249zW1j-O7kuawcmgXWzhwH9XJoUPt6zpOUsYJ3ddvML,22
Artificial Intelligence And Law,53
Web Of Linked Data,53
Human Rights Privacy,53
Rule Of Law,53
10.1007/978-3-030-89811-3_1,53
Ai & Law,4
Legal Ontologies,4
Legal Semantic Web Services,4
Argumentation,4
10.1007/978-3-030-00178-0_1,4
Discriminazione,22
Trasparenza,22
Spiegabilità,22
https://buponline.com/prodotto/la-mediazione-interculturale/?v=c860970b6ab6,22
Digital Citizenship Mediation,22
Vulnerability,22
Discrimination,22
La Mediazione Digitale e nuove forme tecnologiche di discriminazione,22
Trasformazione Digitale,45
La trasformazione digitale della giustizia nel dialogo tra discipline,45
Psi Directive,4
Licenze Creative Commons,4
Analisi Comparata,4
http://www.dimt.it/images/pdf/dimt14nov18.pdf,4
Communication Design,4
Design Patterns,4
Pattern Library,4
Privacy Communication,4
Privacy Videos,4
Legal Design Patterns for Privacy,4
Contract Design,4
Information Design,4
Pattern Language,4
Data Protection Law,4
Consumer Protection Law,4
10.38023/0e6db18b-6aeb-4b36-ac60-0e5edb215fd2,4
Ai And Law,4
Legal Reasoning,4
Natural Language Processing For Legal Document,4
Ml For Legal Document,4
http://ebooks.iospress.nl/volume/legal-knowledge-and-information-systems-jurix-2018-the-thirty-first-annual-conference,4
Legal Knowledge Extraction,3
Question-Answering,3
Pattern Alignment,3
10.3233/FAIA200858,3
10.3233/978-1-61499-935-5-91,4
Open Government Data Mash-Up,4
Licensing Of Open Government Data,4
http://conferences.computer.org/cedem/2017/papers/6719a113.pdf,4
Elegislation,4
Ejustice,4
Legal Data Analytics,4
10.1007/978-3-030-89811-3_3,4
Legal References,9
Case Law Databases,9
10.3233/978-1-61499-838-9-113,3
Trustworthy Ai,15
Explanatory Ai (Xai),15
Hci,15
10.1007/978-3-030-89811-3_12,15
10.3390/j5010010,15
Interactive Explanatory Tool,129
Trustworthy Artificial Intelligence,129
10.1007/978-3-030-58957-8_16,129
Gdpr Rule Modelling,4
Legal Compliance Checking,4
Legalruleml,4
10.3233/978-1-61499-935-5-101,4
Hate Speech,9
Legal Concepts,9
10.3233/FAIA230981,9
Court Cases,4
Court Decisions,4
Electronic Publishing,4
European Union,4
10.1017/S1472669617000299,4
Ricerca Storica,4
Archiviazione,4
Pubblico Interesse,4
https://www.civita.net/prodotto/personal-digital-memories-i-fondi-di-persona-dallanalogico-al-digitale/,4
10.3233/FAIA190326,4
Compliance Checking,4
http://www.academic-bookshop.com/ourshop/prod_6548604-ECDG-2018-PDF-Proceedings-of-the-18th-European-Conference-on-Digital-Government.html,4
Checking Compliance,4
10.1007/978-3-319-98349-3_11,4
Metaverse,22
https://ceur-ws.org/Vol-3460/,22
Autonomic Computing,9
Legislation Compliance Checking,9
Quality Of Service,9
Monitoring,9
Service Migration,9
Service Portability,9
10.1016/j.future.2016.11.025,9
Explanation,15
Xai,15
http://ceur-ws.org/Vol-2681/,15
Dlt,4
Tokenization,4
And Digital Government,4
Decentralized Web Technologies,4
Legal Digital Contracts,4
Ricardian Contracts,4
Smart Contracts,4
10.24251/HICSS.2020.220,4
Right To Know,4
Public Sector Information,4
E-Government,4
Open Government,4
10.1007/978-3-319-98349-3_13,4
European Case Law Identifier,4
Judicial Transparency,4
http://conferences.computer.org/cedem/2017/papers/6719a135.pdf,4
Argumentation Mining,12
http://ceur-ws.org/Vol-2669/,12
Openness,4
http://academic-bookshop.com/ourshop/cat_348617-Conference-Proceedings.html,22
10.1007/978-3-030-44638-3_16,4
Judicial Documents,4
Normative Documents,4
Owl 2 Dl,4
Parliamentary Documents,4
Undo,4
United Nations,4
10.1007/978-3-319-68204-4_18,4
https://www.bloomsburyprofessional.com/uk/data-protection-and-privacy-9781509932740/,4
Agile Ontology Development Methodology,3
Conceptual Modelling,3
Owl Ontologies,3
Samod,3
Test-Driven Development,3
10.1007/978-3-319-54627-8_5,3
https://catarsiproject.wordpress.com/,9
Bibliographic References,2
In-Text Reference Pointers,2
Information Representation,2
Reference Styles,2
10.1108/JD-10-2022-0234,2
10.3233/DS-170012,2
10.1145/3447548.3469482,9
Spacin,2
Open Citations Corpus,2
10.1007/978-3-319-58694-6_23,2
10.1108/JD-08-2020-0144,2
"Crowdsourcing open citations with CROCI An analysis of the current status of open citations, and a proposal",2
10.3233/DS-190023,2
Invalid Citations,2
Incorrect Doi,2
Crossref,2
10.1007/s11192-022-04367-w,2
Data Conversion,3
Data Reengineering,3
Fast-Fashion Design,3
10.1016/j.websem.2017.06.001,6
Large Language Models,9
10.3233/SSW56,9
https://aiucd2021.labcd.unipi.it/en/home-english/,4
10.19245/25.05.pij.5.2.3,4
Book Citation,2
Scholarly Communication,2
10.1007/s11192-019-03311-9,2
Public Domain,2
10.1007/978-3-319-68204-4_19,2
In-Text Citations,1
https://wellcome.org/grant-funding/people-and-projects/grants-awarded/open-biomedical-citations-context-corpus,1
Open Bibliographic Metadata,2
Cc0,2
https://opencitations.net/index,3
https://opencitations.net/meta,3
Infrastructure Service,2
Opencitations Corpus,2
Opencitations Data Model,2
Opencitations Index,2
Opencitations Meta,2
Open Citation Identifier,2
Open Scholarship,2
Scholarly Infrastructure Organization,2
10.1162/qss_a_00023,2
http://ceur-ws.org/Vol-3220/keynote.pdf,3
Open Science Infrastructure,2
10.2218/ijdc.v17i1.818,2
10.1007/978-3-030-01379-0_9,2
Research Data Management,12
Cultural Heritage Data,12
Museums,12
Art Collections,12
Data Management Plan,12
10.5281/zenodo.7974540,12
Publication Metadata,2
Publication Types,2
Citation Behaviours,2
10.1007/s00799-023-00351-8,2
Analytics,9
10.1145/3041021.3055257,4
Scholarly Dissemination,9
10.1007/978-3-030-01379-0,9
Save-Sd,9
10.1007/978-3-319-53637-8,2
References Extraction,132
References Parsing,132
Structured Citation Data,132
10.1007/978-3-031-16802-4_42,132
Opencitations Indexes,2
https://sloan.org/grant-detail/8017,2
Scholarly Publishing,2
Spar,2
10.1007/978-3-030-00668-6_8,2
10.1007/978-3-031-16802-4_10,2
Time-Traversal Query,2
https://github.com/opencitations/time-agnostic-library,2
Accessibility In Education,6
Accessibility In Scientific Documents,6
Accessible Graphs,6
Communication,6
10.1109/CCNC.2017.7983287,6
Fair Principles,12
Grounded Theory Approach,12
10.1108/JD-07-2022-0146,12
Why arts and humanities publications get retracted: a topic modeling analysis of the retraction notices,1
Wikicite,2
Wikipedia Citations,2
https://meta.wikimedia.org/wiki/Wikicite/grant/Wikipedia_Citations_in_Wikidata,2
Speech,14
Prosody,14
Pitch Smoothing,14
Neural Networks,14
https://books.openedition.org/aaccademia/3345,14
Word Sense Disambiguation,9
Quantum Probability Theory,9
Complex Embeddings,9
Cognitive Psychology,9
10.26615/978-954-452-056-4_135,9
Decipherment,14
Scripts,14
Epigraphy,14
Computational Tools,14
10.1418/105964,14
Voice Recognition,3
Smarthome,3
Disability,3
Environmental Control,3
Speech Disability,3
10.1007/978-3-319-54283-6_20,3
Frame Induction,14
Iframenet,14
http://ceur-ws.org/Vol-2769/,14
Developmental Language Disorder,16
Italian Preschoolers,16
Speech Analysis,16
Natural Language Processing Techniques,16
Digital Linguistic Biomarker,16
Can speech-based measures support Developmental Language Disorder identification? An explorative study.,16
Linguistica Generale,25
Linguistica Comparativa,25
Glottologia,25
Linguistica Storica,25
Linguistica Applicata,25
http://amsacta.unibo.it/view/series/CLUB_Working_Papers_in_Linguistics.html,25
Divulgazione,25
Divulgazione Scientifica,25
http://amsacta.unibo.it/5752/,25
Linguistica,133
10.6092/unibo/amsacta/6060,133
Bologna,133
Club,133
http://amsacta.unibo.it/7115/,133
Frame Identification,14
https://aclanthology.org/2022.lrec-1.178/,14
http://www.lrec-conf.org/proceedings/lrec2022/workshops/LT4HALA/index.html,16
Ancient Script Decipherment,134
K-Permutation,134
Coupled Simulated Annealing,134
10.18653/v1/2023.cawl-1.10,134
Lexical Resources,14
Framenet,14
Italian,14
http://ceur-ws.org/Vol-2006/paper079.pdf,14
https://github.com/ftamburin/Electra-AGE_FE,14
Text Summarization,135
Contextual Embeddings,135
Evaluation Measures,135
http://ceur-ws.org/Vol-2481/,135
Contextualised Word Embeddings,14
10.4000/books.aaccademia.8920,9
Corpora,9
Italiano,9
Rappresentatività,9
Bilanciamento,9
10.17469/O2106SLI000012,9
Linguista,9
Il ruolo del linguista nel trattamento automatico delle lingue.,9
Dialogue Design,9
Pragmatics,9
Dialogflow Cx,9
http://ceur-ws.org/Vol-3033/,9
Dementia Screening,16
Linguistic Biomarkers,16
10.1418/101111,16
Anorexia Nervosa,16
Clinical Linguistics,16
Linguistic Marker,16
Eating Disorders,16
Adolescence,16
10.1007/s40519-021-01273-7,16
Language And Speech Analyses,16
Linguistic Bio-Marker,16
10.1016/j.csl.2020.101113,16
Linguistic Markers,16
10.1016/j.jalz.2017.06.509,16
Feeding And Eating Disorders,16
10.1007/s40519-022-01425-3,16
Speech Processing,9
https://www.patroneditore.com/volumi/9788855535762/neural-models-for-the-automatic-processing-of-italian,16
Parsing,14
Universal Dependencies,14
10.4000/books.aaccademia.3063,14
Social Media Language,14
Twitter,14
http://www.lrec-conf.org/proceedings/lrec2018/summaries/636.html,14
Clic-It 2018,9
10.4000/books.aaccademia.2802,9
10.4000/books.aaccademia.8203,14
Dizionari,9
Atlanti,9
Quali risorse usa (o crea) il linguista?,9
https://github.com/ftamburin/QWSD,9
Dependency Treebank,14
Dependency Rewriting Tool,14
https://github.com/ftamburin/Semgrex-Plus.git,14
Dependency Rewriting,14
http://aclweb.org/anthology/W/W17/W17-6528.pdf,14
Cognitive Decline,16
Preclinical Alzheimer,16
10.3389/fnagi.2018.00369,16
Syntactic Analysis,14
Neural Models,14
Ensemble Models,14
https://www.aaccademia.it/scheda-libro?aaref=1330,14
Mental Disorders,136
Automatic Speech And Language Analysis,136
Digital Linguistic Biomarkers,136
https://aclanthology.org/2022.lrec-1.561/,136
Linear A Script,9
Minoan Crete,9
Fraction Signs,9
Numerical Notations,9
10.1016/j.jas.2020.105214,9
10.4000/ijcol.900,9
Stochastic Models,9
http://aclweb.org/anthology/D/D17/D17-1196.pdf,9
Part-Of-Speech Tagging,14
Spoken Language,14
http://ceur-ws.org/Vol-2765/,14
10.1371/journal.pone.0269544,16
Pitch Detection,14
https://www.aaccademia.it/scheda-libro?aaref=1390,1
Citizen Curation Artificial,137
Intelligence For Cultural Engagement,137
Augmented Reality For Cultural Engagement,137
Virtual Reality For Cultural Engagement,137
Data Infrastructures And Curation For Cultural Engagement,137
Digital Technologies And Inclusion In Cultural Heritage,137
10.5281/zenodo.7973646,137
Aligning accessibility design to non-disabled people's perceptions,138
Degree Of Explainability,15
Objective Explainability Metric,15
Explainable Ai,15
Theory Of Explanations,15
10.1016/j.knosys.2023.110866,15
Data Scarcity,16
Tf-Idf,16
Syntagmatic Relations,16
10.1016/j.giq.2022.101715,45
Multi-Label Text Classification,4
United Nations Resolutions,4
Sustainable Development Goals,4
10.1145/3428502.3428604,4
Critical Digital Edition,28
10.6092/unibo/aldomoro,28
Digital Libraries And Archives,6
Applied Computing,6
Fine Arts,6
Document Metadata,6
10.1145/3051487,6
Assistive,139
Complex Task,139
Design And Evaluations,139
Innovative Approaches,139
Resource Center,139
Simple++,139
Tool Designers,139
Web Components,139
Web Resources,139
Web-Page,139
10.4242/BalisageVol25.Vitali01,139
Explanatory Ai,15
Human,15
Computer Interaction,15
Human-Centred Explanations,15
10.1007/s10618-022-00872-x,15
Methods For Explanations,140
Education And Learning-Related Technologies,140
Explanatory Artificial Intelligence (Yai),140
10.1145/3397481.3450655,140
10.1145/3519265,140
10.1109/FUZZ-IEEE55066.2022.9882574,15
Making accessibility accessible: strategy and tools,141
Theories Of Explanation,142
Speech Act Theory,142
Evaluation Of Explanations,142
Explanations In Law,142
10.1007/978-3-031-44064-9_2,142
Social Good and Cultural Heritage: making the Brendel models accessible again,143
Tools for an Innovative Approach to Web Accessibility,11
